gameId,gameTitle,md5,romName,labels,patchUrl,region
11750,Metal Slug: Super Vehicle-001,b43c8b4ec999588c04dad79bb8bcc745,mslug.7z <Metal Slug - Super Vehicle-001>,fbneo,,unknown
11763,Cadillacs and Dinosaurs,b246ff693d453c3b1a3049752da2bc75,dino.7z <Cadillacs & Dinosaurs (930201 World)>,fbneo,,unknown
11795,Street Fighter III: 3rd Strike - Fight for the Future,002180613c2131abce28ae5bd4a8a2fb,"sfiii3n.7z <Street Fighter III 3rd Strike: Fight for the Future (Japan 990608, NO CD)>",fbneo,,unknown
11770,Metal Slug X: Super Vehicle-001,320a36c48c06dce51438108df9defb90,mslugx.7z <Metal Slug X - Super Vehicle-001 (NGM-2500)(NGH-2500)>,fbneo,,unknown
11727,Final Fight,946e902aa8b913f8e972a64b5133c522,"ffight.7z <Final Fight (World, set 1)>",fbneo,,world
11825,Metal Slug 2: Super Vehicle-001/II,b1475b391ad385c16feae3a2bfbfc2a0,mslug2.7z <Metal Slug 2 - Super Vehicle-001/II (NGM-2410) (NGH-2410)>,fbneo,,unknown
11726,Captain Commando,33d1f8bc44a414a1f2f76cfe4c197c66,"captcommb.7z <Captain Commando (bootleg set 1, 911014 other country)>",fbneo,,unknown
11787,The Punisher,1a52ed76f4df2f621e235c36a97deed3,punisher.7z <The Punisher (930422 World)>,fbneo,,unknown
11820,Alien vs. Predator,93e4612854908c374d33bfb5c979f540,avsp.7z <Alien vs Predator (940520 Euro)>,fbneo,,unknown
11943,Donkey Kong,02bbe063efc4b8883206c66e6cb775c9,dkong.7z <Donkey Kong (US set 1)>,fbneo,,unknown
11771,Metal Slug 3,f69dc77532431c03d1dfbd31835bc4dd,mslug3.7z <Metal Slug 3 (NGM-2560)>,fbneo,,unknown
11757,The King of Fighters '98: The Slugfest,c0959b94e46f1811952055be7f59cba6,kof98.7z <The King of Fighters '98 - The Slugfest / King of Fighters '98 - dream match never ends (NGM-2420)>,fbneo,,unknown
12026,Metal Slug 4,d5d7199eda7492cd9ee24173357e781b,mslug4.7z <Metal Slug 4 (NGM-2630)>,fbneo,,unknown
12192,Pac-Man,64d1f88b9b276aece4b0edcc25b7a434,pacman.7z <Pac-Man (Midway)>,fbneo,,unknown
11975,Altered Beast,bc80ce3199cfe7265644e711e7919013,"altbeast2.7z <Altered Beast (set 2, MC-8123B 317-0066)>",fbneo,,unknown
11903,Ghouls 'n Ghosts,0d52f5c4bb4701002f55625040435aea,ghouls.7z <Ghouls'n Ghosts (World)>,fbneo,,world
14976,Mortal Kombat,07d935680b6501b2e42fe4baea021389,mk.7z <Mortal Kombat (rev 5.0 T-Unit 03/19/93)>,fbneo,,unknown
12211,Teenage Mutant Ninja Turtles: Turtles in Time,38e530be656a4e14b31e709c0502e4ec,tmnt22pu.7z <Teenage Mutant Ninja Turtles - Turtles in Time (2 Players ver. UDA)>,fbneo,,unknown
12154,Golden Axe,8eaf95929427abcecd6d57babe80c643,"goldnaxej.7z <Golden Axe (set 4, Japan, FD1094 317-0121)>",fbneo,,japan
12210,Teenage Mutant Ninja Turtles,344f706dd7fa89df2b38166b5f300c48,"tmnt.7z <Teenage Mutant Ninja Turtles (World 4 Players, version X)>",fbneo,,unknown
11806,Marvel vs. Capcom: Clash of Super Heroes,7280b613c4597b4a4bbbae6f634bb886,mvsc.7z <Marvel vs Capcom - clash of super heroes (980123 Euro)>,fbneo,,unknown
13796,Neo Turf Masters,86a5e87842b12616c52f467f5693348f,turfmast.7z <Neo Turf Masters / Big Tournament Golf>,fbneo,,unknown
11971,Aliens,32d0f9f324c6861605e0f948c2b68be6,aliens.7z <Aliens (World set 1)>,fbneo,,unknown
12323,Neo Drift Out: New Technology,49608f90881c51825b3bd2c414f21fba,neodrift.7z <Neo Drift Out - New Technology>,fbneo,,unknown
11800,Ms. Pac-Man,01052a074f9e7ce8dc823a5dd2155d14,mspacman.zip <MS Pacman>,fbneo,,unknown
11960,1942,519c84155964659375821f7ca576f095,1942.7z <1942 (Revision B)>,fbneo,,unknown
12027,Metal Slug 5,024e350be5736b014d80c32330f03e2a,mslug5.7z <Metal Slug 5 (NGM-2680)>,fbneo,,unknown
12247,Puzzle Bobble (Neo Geo),0bef9fa16cd52606f5c7b4363e726085,pbobblen.7z <Puzzle Bobble / Bust-A-Move (Neo-Geo) (NGM-083)>,fbneo,,unknown
11984,Astérix,1bf43bfeec4116b50a2789a61abfff59,asterixeac.7z <Asterix (ver EAC)>,fbneo,,unknown
11933,X-Men,663e35948366c5f5d39b27df6826231a,xmenaa.7z <X-Men (4 Players ver ADA)>,fbneo,,unknown
12035,The King of Fighters 2002,bcdeb242322af6d883799bd46d874d62,kof2002.7z <The King of Fighters 2002 (NGM-2650)(NGH-2650)>,fbneo,,unknown
13767,Cyber-Lip,db42d9fb2f27e14ea4d97a0bd5aa2c67,cyberlip.7z <Cyber-Lip (NGM-010)>,fbneo,,unknown
11991,Bad Dudes vs. DragonNinja,75d86ead4097fb1123ef54ca07d16f6e,baddudes.7z <Bad Dudes vs. Dragonninja (US)>,fbneo,,unknown
16525,Metal Slug 6,b0f22e7a710efc527f04ec29d71b435c,mslug6.zip,mamesl,,unknown
12138,Galaga,b8140b5e33c53b0f7dd3cc368951a4dd,galaga.7z <Galaga (Namco rev. B)>,fbneo,,unknown
12814,DonPachi,55e3a560128c0ecfd8999ab366ef7cf2,"donpachi.7z <DonPachi (USA, ver. 1.12, 95/05/2x)>",fbneo,,usa
11932,Sunset Riders,492ea859726d84d6fc94aaed5d07152c,ssridersubc.7z <Sunset Riders (2 Players ver. UBC)>,fbneo,,unknown
11905,Nightmare in the Dark,c49db6febda650eb59149c52852df9e5,nitd.7z <Nightmare in the Dark>,fbneo,,unknown
11758,Art of Fighting,df4a8b32238c36921a260ed6ab784850,aof.7z <Art of Fighting / Ryuuko no Ken (NGM-044)(NGH-044)>,fbneo,,unknown
11935,OutRun,83a4bf4956274d8cabccc84b446a4694,"outrun.7z <Out Run (sitdown/upright, Rev B)>",fbneo,,unknown
11954,1941: Counter Attack,7af6266cc52234b5aa339b16695f7fc4,1941.7z <1941 - Counter Attack (900227 World)>,fbneo,,unknown
13762,Burning Fight,504d6fc6bb4a767eca363474d9bb644d,burningf.7z <Burning Fight (NGM-018)(NGH-018)>,fbneo,,unknown
12543,League Bowling,cee8c9264320a0b32eb4efb1496e5c2b,lbowling.7z <League Bowling (NGM-019)(NGH-019)>,fbneo,,unknown
12031,The King of Fighters '97,5bf98ad5e7c70133d8e41bdc36172a24,kof97.7z <The King of Fighters '97 (NGM-2320)>,fbneo,,unknown
12248,Puzzle Bobble 2 (Neo Geo),e0d17d88ad08e13d3a2cd4ef38f7c4d5,pbobbl2n.7z <Puzzle Bobble 2 / Bust-A-Move Again (Neo-Geo)>,fbneo,,unknown
12274,Street Fighter III: New Generation,e55f83016a5d5c33c093af927eb81846,sfiii.7z <Street Fighter III: New Generation (Euro 970204)>,fbneo,,unknown
11895,Wild West C.O.W.-Boys of Moo Mesa,5a5913127183c47bf3342315fc95e6c3,moomesa.7z <Wild West C.O.W.-Boys of Moo Mesa (ver EAB)>,fbneo,,unknown
12266,Marvel Super Heroes vs. Street Fighter,0321dd1f8f8113fe4c2a558d67567f0e,mshvsf.7z <Marvel Super Heroes vs Street Fighter (970625 Euro)>,fbneo,,unknown
12394,Contra,a83f0f76c2afad4f5d7260824430b798,"contra.7z <Contra (US / Asia, set 1)>",fbneo,,unknown
12241,Magician Lord,14ebcd8fa440a279fae066617a13cabc,maglord.7z <Magician Lord (NGM-005)>,fbneo,,unknown
11752,Garou: Mark of the Wolves,577029dbc6e6bb60afdb832cef943eb1,garou.7z <Garou - Mark of the Wolves (NGM-2530)>,fbneo,,unknown
12111,Elevator Action Returns,3180d6cdfd39a897d6aabc818887a000,elvactr.7z <Elevator Action Returns (Ver 2.2O 1995/02/20)>,fbneo,,unknown
11822,Marvel Super Heroes,1c90c082845e4b6a52ef8b5f2a0050a0,mshh.7z <Marvel Super Heroes (951117 Hispanic)>,fbneo,,unknown
12271,Super Street Fighter II: The New Challengers,358633096a3d3a4e1f93f61ea009b766,arcade\ssf2j.zip,fbneo,,unknown
11996,Buster Bros.,e60d52cc2664f3857c8c149c9d7ff62c,bbros.7z <Buster Bros. (USA)>,fbneo,,usa
13770,Eight Man,5e38e0ffa34dafe5053110568dc0cd3f,eightman.7z <Eight Man (NGM-025)(NGH-025)>,fbneo,,unknown
11983,Armored Warriors,371bf8fd34fcdd2326d6aa10c61cc70a,armwar.7z <Armored Warriors (941024 Europe)>,fbneo,,unknown
12084,Dungeons & Dragons: Tower of Doom,85712af9f7cc2ed48da39f14379e7756,ddtod.7z <Dungeons & Dragons - tower of doom (940412 Euro)>,fbneo,,unknown
12601,Ghost Pilots,16fe9c9d1350297c299034812394ebdb,gpilotsh.7z <Ghost Pilots (NGH-020)(US)>,fbneo,,unknown
11767,Shock Troopers,066ab7af0557bd4280c94dcf1e56d551,shocktro.7z <Shock Troopers (set 1)>,fbneo,,unknown
11794,Mega Man: The Power Battle,209b01d5d9b045d8cbcc9311e661e94d,megaman.7z <Mega Man - the power battle (951006 USA)>,fbneo,,unknown
13648,Battle Garegga,c0830de50cdf83cbe0f5e44e70c7dbf9,bgaregga.7z <Battle Garegga (Europe / USA / Japan / Asia) (Sat Feb 3 1996)>,fbneo,,usa
11801,Blue's Journey,42db6408e1b36d120058548dc61840fc,bjourneyh.7z <Blue's Journey / Raguy (ALH-001)>,fbneo,,unknown
12183,Hook,5a582ef17d6a088d9cb644e4c1ea3cdd,hook.7z <Hook (World)>,fbneo,,world
11765,Baseball Stars 2,f0235aca225c29b7b47409be3db976b7,bstars2.7z <Baseball Stars 2>,fbneo,,unknown
11780,Dungeons & Dragons: Shadow Over Mystara,a3cfbfab71a065401bf0e7c7677a75bf,ddsom.7z <Dungeons & Dragons - shadow over mystara (960619 Euro)>,fbneo,,unknown
12366,RoboCop,93b9f9e761f6aabbdc2f50a60c374880,robocop.7z <Robocop (World revision 4)>,fbneo,,unknown
13794,Mutation Nation,3160045ee842fc9ab77b96e32e98fa34,mutnat.7z <Mutation Nation (NGM-014)(NGH-014)>,fbneo,,unknown
14978,Mortal Kombat II,1a1e7711672de486ce29704029108aa1,"mk2r42.7z <Mortal Kombat II (rev L4.2, hack)>",fbneo,,unknown
12023,Bubble Bobble,72a669a6a000928da3ab24c3a79e554c,"bublbobl.7z <Bubble Bobble (Japan, Ver 0.1)>",fbneo,,japan
11959,64th. Street: A Detective Story,ed59483551b32e69c28876fd9d2f1872,64street.7z <64th. Street - A Detective Story (World)>,fbneo,,world
11768,Shock Troopers: 2nd Squad,4af54168a800f0ff32f7f9377d5329a9,shocktr2.7z <Shock Troopers - 2nd Squad>,fbneo,,unknown
11993,Battle Circuit,022eca90bcdac21292ac15906e9a433d,batcir.7z <Battle Circuit (970319 Euro)>,fbneo,,unknown
13808,Robo Army,13b4d77d6491b9bfb59d7841986d5ea4,roboarmy.7z <Robo Army (set 1)>,fbneo,,unknown
12032,The King of Fighters '99: Millennium Battle,1653c67c602403333d94dd921737ce8e,kof99h.7z <The King of Fighters '99 - Millennium Battle (NGH-2510)>,fbneo,,unknown
17678,Spider-Man: The Videogame,b941a3d48abe86d690a93261002f6e2d,spidman.7z <Spider-Man: The Videogame (World)>,fbneo,,world
11853,Shinobi,37fc2767ab1c4826c736f1fced9a4ae7,"shinobi.7z <Shinobi (set 6, System 16A, unprotected)>",fbneo,,unknown
13784,King of the Monsters,057827b74ba1259423d9c00de10b4300,kotm.7z <King of the Monsters (set 1)>,fbneo,,unknown
14654,Ultimate Mortal Kombat 3,c2c4318c6acb302ec08b9a28dc5d3e26,umk3.7z <Ultimate Mortal Kombat 3 (rev 1.2)>,fbneo,,unknown
11946,Mario Bros.,de2f15d014d40b93578d255e6221fd60,"mario.7z <Mario Bros. (US, Revision G)>",fbneo,,unknown
12261,Street Fighter,60d31eb37595dd44584be5ef363283e3,"sf.7z <Street Fighter (US, set 1)>",fbneo,,unknown
12380,Strikers 1945,e64a8b99a4d2a623b293ff674e2942ea,s1945.7z <Strikers 1945 (World)>,fbneo,,world
12139,Galaxian,e88b34d7b5e2d8277f1fa97e9a647fba,galaxian.7z <Galaxian (Namco set 1)>,fbneo,,unknown
15015,Centipede,3e30300051e145abaf2164a53f107bb7,centiped.7z <>,fbneo,,unknown
12005,Detana!! TwinBee,87cb40111232c62b2e0c747b0419a6fb,"blswhstl.7z <Bells & Whistles (World, version L)>",fbneo,,world
11942,X-Men vs. Street Fighter,a364a6bcde97a8910c2f3fef4b1e4dfe,xmvsfb.7z <X-Men vs Street Fighter (961023 Brazil)>,fbneo,,unknown
11858,Bang Bead,f19f4133f3a29af99d6f8bd028dd4fc3,bangbead.7z <Bang Bead>,fbneo,,unknown
4845,Pretty Soldier Sailor Moon,d68fed6d32c4252699e598d07c816371,"sailormnu.7z <Pretty Soldier Sailor Moon (ver. 95/03/22B, USA)>",fbneo,,usa
15000,Batman,ec0e2603172c73a8b644bb9456c1ff6e,batman.7z <Batman>,fbneo,,unknown
12033,The King of Fighters 2000,69fa9fb02b9fe054c98d9dee8729ce92,kof2000n.7z <The King of Fighters 2000 (not encrypted)>,fbneo,,unknown
12030,The King of Fighters '96,23438b2c55800e5b4e8ab86f525b379c,kof96h.7z <The King of Fighters '96 (NGH-214)>,fbneo,,unknown
12082,Double Dragon,a7d9fc7dc88e60d2401f1d89dca4476a,ddragon.7z <Double Dragon (Japan)>,fbneo,,japan
12149,Ghosts 'n Goblins,4dc5c37d2056ea8be1f968ebecc66ea0,makaimurg.7z <Makai-Mura (Japan revision G)>,fbneo,,unknown
12661,Double Dragon (Neo-Geo),c195a4aab39ed2ce2cd7011356a15f29,doubledr.7z <Double Dragon (Neo-Geo)>,fbneo,,unknown
13566,Pachinko Sexy Reaction,ed6b61fc3c23bab78e12cf3b49f6df9f,sxyreact.7z <Pachinko Sexy Reaction (Japan)>,fbneo,,japan
11979,U.N. Squadron,0006c5e727223e4434423bfa12ea0dc8,area88.7z <Area 88 (Japan)>,fbneo,,japan
17469,SegaSonic the Hedgehog,bb5459bf19132d4dc1340654c17331df,"sonic.7z <SegaSonic The Hedgehog (Japan, rev. C)>",fbneo,,japan
13250,Night Slashers,1901091290afe5c3996de681d75e7520,"nslashers.7z <Night Slashers (Over Sea Rev 1.2, DE-0397-0 PCB)>",fbneo,,unknown
13815,Super Sidekicks 3: The Next Glory,2f2de150d937ca7de1ecae79957c5281,ssideki3.7z <Super Sidekicks 3 - The Next Glory / Tokuten Ou 3 - eikou e no michi>,fbneo,,unknown
11760,Zed Blade,ad7690ec619673225f1e0f7f265d5fa8,zedblade.7z <Zed Blade / Operation Ragnarok>,fbneo,,unknown