rank,id,title,consoleName,consoleId,totalPlayers,casualPlayers,hardcorePlayers,numAchievements,points,genre,developer,publisher,released
1,1446,"Super Mario Bros.","NES/Famicom",7,68830,68830,68830,77,0,"2D Platforming","","Nintendo","1985-09-13"
2,1995,"Super Mario Bros. 3","NES/Famicom",7,44962,44962,44962,89,0,"2D Platforming","","Nintendo","1988-10-23"
3,1454,"The Legend of Zelda","NES/Famicom",7,31457,31457,31457,69,0,"Action-Adventure","","Nintendo","1986-02-21"
4,1462,"Castlevania","NES/Famicom",7,22950,22950,22950,74,0,"2D Platforming","Konami","Konami","1987-05-01"
5,1447,"Contra","NES/Famicom",7,20059,20059,20059,40,0,"Run & Gun","Konami","Konami","1988-02-09"
6,1994,"Super Mario Bros. 2","NES/Famicom",7,17089,17089,17089,51,0,"2D Platforming","","Nintendo","1988-10-09"
7,1489,"Mike Tyson's Punch-Out!!","NES/Famicom",7,15079,15079,15079,28,0,"Sports - Boxing","Nintendo","Nintendo","1987-10-18"
8,1451,"Mega Man 2","NES/Famicom",7,13789,13789,13789,84,0,"2D Platforming","Capcom","Capcom","1988-12-24"
9,1859,"Ninja Gaiden","NES/Famicom",7,13457,13457,13457,35,0,"2D Platforming","Tecmo","Koei | Tecmo","1988-01-01"
10,1448,"Mega Man","NES/Famicom",7,13058,13058,13058,50,0,"2D Platforming","Capcom","Capcom","1987-12-17"
11,1487,"Metroid","NES/Famicom",7,12667,12667,12667,25,0,"2D Platforming, Metroidvania","","Nintendo","1987-08-01"
12,1472,"DuckTales","NES/Famicom",7,11872,11872,11872,63,0,"2D Platforming","Capcom","Capcom, Disney Interactive Studios","1989-09-01"
13,1469,"Dr. Mario","NES/Famicom",7,11681,11681,11681,70,0,"","","Nintendo","1990-07-27"
14,1466,"Donkey Kong","NES/Famicom",7,9822,9822,9822,25,0,"2D Platforming, Arcade","","Nintendo","1983-07-15"
15,1473,"Excitebike","NES/Famicom",7,9596,9596,9596,17,0,"Extreme Sports - Motocross","","Nintendo","1984-11-30"
16,1515,"1942","NES/Famicom",7,8790,8790,8790,27,0,"Shoot 'em Up","Capcom, Micronics","Capcom","1985-12-11"
17,2016,"Teenage Mutant Ninja Turtles","NES/Famicom",7,8717,8717,8717,24,0,"2D Platforming, Action","Konami","Ultra Games","1989-06-01"
18,1509,"Battletoads","NES/Famicom",7,7920,7920,7920,20,0,"Beat 'em Up","Rare","Tradewest","1991-06-01"
19,1556,"Balloon Fight","NES/Famicom",7,7419,7419,7419,25,0,"2D Platforming","HAL Laboratory, Nintendo","Nintendo","1985-01-22"
20,2221,"Castlevania III: Dracula's Curse","NES/Famicom",7,7230,7230,7230,55,0,"2D Platforming","Konami","Konami","1989-12-22"
21,2032,"Tiny Toon Adventures","NES/Famicom",7,7148,7148,7148,54,0,"2D Platforming","Konami","Konami","1991-12-01"
22,1471,"Dragon Quest","NES/Famicom",7,6799,6799,6799,33,0,"","Chunsoft","Enix, Nintendo","1986-05-27"
23,1483,"Mega Man 3","NES/Famicom",7,6773,6773,6773,83,0,"2D Platforming","Capcom","Capcom","1990-09-28"
24,6070,"~Homebrew~ 2048","NES/Famicom",7,6723,6723,6723,12,0,"Sliding Puzzle","tsone","Homebrew - NES/Famicom","2014-03-09"
25,1458,"Batman: The Video Game","NES/Famicom",7,6701,6701,6701,41,0,"2D Platforming","Sunsoft","Sunsoft","1989-12-22"
26,1526,"Adventure Island","NES/Famicom",7,6597,6597,6597,15,0,"2D Platforming","Hudson Soft","Hudson Soft","1988-09-01"
27,1460,"Bubble Bobble","NES/Famicom",7,6571,6571,6571,75,0,"2D Platforming","Taito","Taito","1988-01-01"
28,1524,"Adventure Island II","NES/Famicom",7,6495,6495,6495,35,0,"2D Platforming","Now Production","Hudson Soft","1991-02-01"
29,1463,"Chip 'n Dale: Rescue Rangers","NES/Famicom",7,6421,6421,6421,60,0,"2D Platforming","Capcom","Capcom","1990-06-08"
30,1453,"Zelda II: The Adventure of Link","NES/Famicom",7,6241,6241,6241,44,0,"Action RPG","","Nintendo","1988-09-26"
31,1683,"Felix the Cat","NES/Famicom",7,5977,5977,5977,65,0,"2D Platforming","Hudson Soft","Hudson Soft","1992-10-01"
32,1461,"Castlevania II: Simon's Quest","NES/Famicom",7,5856,5856,5856,44,0,"Metroidvania, 2D Platforming","Konami","Konami","1987-08-28"
33,4568,"Bomberman","NES/Famicom",7,5627,5627,5627,48,0,"Action","Hudson Soft","Hudson Soft","1985-12-19"
34,1516,"1943: The Battle of Midway","NES/Famicom",7,5468,5468,5468,30,0,"Shoot 'em Up","Capcom","Capcom","1987-06-01"
35,1710,"Ghosts 'n Goblins","NES/Famicom",7,5342,5342,5342,26,0,"2D Platforming","Micronics","Capcom","1986-06-13"
36,1491,"Pac-Man","NES/Famicom",7,5277,5277,5277,12,0,"","Namco","Namco","1984-11-02"
37,1480,"Kung Fu","NES/Famicom",7,4759,4759,4759,22,0,"Beat 'em Up","Nintendo","Nintendo","1985-06-21"
38,1478,"Kid Icarus","NES/Famicom",7,4724,4724,4724,33,0,"2D Platforming","","Nintendo","1986-12-19"
39,1989,"Super Contra","NES/Famicom",7,4506,4506,4506,43,0,"2D Platforming, Run & Gun","Konami","Konami","1990-02-02"
40,1838,"Mighty Final Fight","NES/Famicom",7,4496,4496,4496,45,0,"Beat 'em Up","Capcom","Capcom","1993-06-11"
41,1586,"Bomberman II","NES/Famicom",7,4469,4469,4469,33,0,"Action","Hudson Soft","Hudson Soft","1991-06-28"
42,1464,"Darkwing Duck","NES/Famicom",7,4444,4444,4444,56,0,"2D Platforming","Capcom","Capcom","1992-06-01"
43,1518,"Abadox: The Deadly Inner War","NES/Famicom",7,4363,4363,4363,28,0,"Shoot 'em Up","Natsume","Natsume, Milton Bradley","1989-12-15"
44,2420,"Battle City","NES/Famicom",7,4338,4338,4338,18,0,"","Namco","Namco","1985-09-09"
45,1669,"Duck Hunt","NES/Famicom",7,4328,4328,4328,31,0,"Gallery Shooter, Sports - Hunting","Nintendo, Intelligent Systems","Nintendo","1984-04-21"
46,1449,"Final Fantasy","NES/Famicom",7,4320,4320,4320,40,0,"","Square","Squaresoft, Nintendo","1987-12-18"
47,1824,"Mario Bros.","NES/Famicom",7,4297,4297,4297,20,0,"2D Platforming","Intelligent Systems","Nintendo","1983-09-09"
48,1823,"Marble Madness","NES/Famicom",7,4290,4290,4290,15,0,"Puzzle, Action","Rare","Milton Bradley","1989-03-01"
49,1452,"River City Ransom","NES/Famicom",7,4278,4278,4278,48,0,"Action RPG, Beat 'em Up","Technōs Japan","Infogrames, Technōs Japan","1989-04-25"
50,1661,"Double Dragon II: The Revenge","NES/Famicom",7,4274,4274,4274,28,0,"Beat 'em Up","Technōs Japan","Acclaim, Technōs Japan","1989-12-22"
51,1627,"Color a Dinosaur","NES/Famicom",7,4074,4074,4074,19,0,"Other","FarSight Studios","Virgin Interactive","1993-07-01"
52,2115,"Teenage Mutant Ninja Turtles III: The Manhattan Project","NES/Famicom",7,4014,4014,4014,30,0,"Beat 'em Up","Konami","Konami","1991-12-13"
53,1829,"Mega Man 4","NES/Famicom",7,3978,3978,3978,80,0,"2D Platforming","Capcom","Capcom","1991-12-06"
54,2023,"~Unlicensed~ Tetris (Tengen)","NES/Famicom",7,3969,3969,3969,51,0,"","Tengen","Tengen","1989-01-01"
55,2114,"Teenage Mutant Ninja Turtles II: The Arcade Game","NES/Famicom",7,3935,3935,3935,28,0,"Beat 'em Up","Konami","Konami, Ultra Games","1990-12-07"
56,1877,"Pinball","NES/Famicom",7,3766,3766,3766,21,0,"Pinball","HAL Laboratory, Nintendo","Nintendo","1984-02-02"
57,1873,"Paperboy","NES/Famicom",7,3739,3739,3739,32,0,"Action","Eastridge Technology","Mindscape","1988-12-01"
58,1574,"Battletoads and Double Dragon: The Ultimate Team","NES/Famicom",7,3651,3651,3651,20,0,"Beat 'em Up","Rare","Tradewest, Nintendo","1993-06-01"
59,1858,"Ninja Gaiden III: The Ancient Ship of Doom","NES/Famicom",7,3628,3628,3628,37,0,"2D Platforming","Tecmo","Koei | Tecmo","1991-08-01"
60,1857,"Ninja Gaiden II: The Dark Sword of Chaos","NES/Famicom",7,3614,3614,3614,59,0,"2D Platforming","Tecmo","Koei | Tecmo","1990-04-06"
61,1940,"Shatterhand","NES/Famicom",7,3575,3575,3575,53,0,"2D Platforming, Action","Natsume","Jaleco","1991-12-01"
62,1800,"Life Force","NES/Famicom",7,3462,3462,3462,44,0,"Shoot 'em Up","Konami","Konami","1987-08-01"
63,4720,"Shadow of the Ninja","NES/Famicom",7,3415,3415,3415,44,0,"2D Platforming, Action","Natsume","Natsume, Taito","1990-08-10"
64,13393,"~Homebrew~ Cookie Clicker","NES/Famicom",7,3381,3381,3381,10,0,"Incremental","Damian Yerrick","Damian Yerrick","2014-04-23"
65,1616,"Chip 'n Dale: Rescue Rangers 2","NES/Famicom",7,3358,3358,3358,48,0,"2D Platforming","Capcom","Capcom","1993-12-10"
66,1881,"Popeye","NES/Famicom",7,3352,3352,3352,40,0,"2D Platforming, Maze Chase","","Nintendo","1983-07-15"
67,1465,"Donkey Kong Jr.","NES/Famicom",7,3300,3300,3300,18,0,"2D Platforming","","Nintendo","1983-07-15"
68,1486,"Metal Gear","NES/Famicom",7,3261,3261,3261,97,0,"Stealth","Konami","Ultra Games, Konami","1988-06-01"
69,4812,"Circus Charlie","NES/Famicom",7,3228,3228,3228,16,0,"2D Platforming","Soft Pro","Konami","1986-03-04"
70,1636,"Crystalis","NES/Famicom",7,3212,3212,3212,43,0,"Action RPG","SNK","SNK","1990-04-13"
71,2045,"Track & Field","NES/Famicom",7,3205,3205,3205,46,0,"Sports - Track & Field","Konami","Konami","1987-04-01"
72,1477,"Jackal","NES/Famicom",7,3137,3137,3137,50,0,"","Konami","Konami","1988-09-01"
73,1802,"The Little Mermaid","NES/Famicom",7,3131,3131,3131,17,0,"2D Platforming","Capcom","Capcom","1991-07-01"
74,1485,"Mega Man 6","NES/Famicom",7,3108,3108,3108,92,0,"2D Platforming","Capcom","Capcom, Nintendo","1993-11-05"
75,1582,"Blades of Steel","NES/Famicom",7,3077,3077,3077,47,0,"","Konami, Novotrade","Konami","1988-12-01"
76,1533,"Adventures of Lolo","NES/Famicom",7,3045,3045,3045,24,0,"Action, Puzzle","HAL Laboratory","HAL Laboratory","1989-04-20"
77,1511,"3-D World Runner","NES/Famicom",7,3022,3022,3022,30,0,"Action, Rail Shooter","Square","Acclaim","1987-09-01"
78,1729,"Gun.Smoke","NES/Famicom",7,2978,2978,2978,16,0,"Shoot 'em Up","Capcom","Capcom","1985-11-01"
79,1674,"Elevator Action","NES/Famicom",7,2931,2931,2931,9,0,"","Micronics","Taito","1987-08-01"
80,1758,"Jackie Chan's Action Kung Fu","NES/Famicom",7,2915,2915,2915,24,0,"2D Platforming","Now Production","Hudson Soft","1990-12-01"
81,1722,"Gradius","NES/Famicom",7,2897,2897,2897,37,0,"Shoot 'em Up","Konami","Konami","1986-01-01"
82,4036,"Road Fighter","NES/Famicom",7,2896,2896,2896,61,0,"Arcade Racing","Konami","Konami","1985-07-11"
83,1662,"Double Dragon III: The Sacred Stones","NES/Famicom",7,2749,2749,2749,30,0,"Beat 'em Up","Technōs Japan","Acclaim, Technōs Japan","1991-02-01"
84,1705,"Gauntlet","NES/Famicom",7,2727,2727,2727,17,0,"Action","Tengen","Tengen","1988-07-01"
85,1474,"Friday the 13th","NES/Famicom",7,2698,2698,2698,23,0,"Survival Horror","Atlus","LJN Entertainment","1989-02-01"
86,2175,"Dig Dug","NES/Famicom",7,2670,2670,2670,30,0,"Arcade","Namco","Namco","1985-06-04"
87,5783,"Akumajou Densetsu","NES/Famicom",7,2636,2636,2636,80,0,"2D Platforming","Konami","Konami","1989-12-22"
88,1600,"BurgerTime","NES/Famicom",7,2589,2589,2589,20,0,"","Data East","Data East, Namco","1985-11-27"
89,1525,"Adventure Island III","NES/Famicom",7,2567,2567,2567,42,0,"2D Platforming","Now Production","Hudson Soft","1992-09-01"
90,1670,"DuckTales 2","NES/Famicom",7,2562,2562,2562,74,0,"2D Platforming","Capcom","Capcom","1993-04-23"
91,1985,"StarTropics","NES/Famicom",7,2544,2544,2544,28,0,"Action-Adventure","","Nintendo","1990-12-01"
92,1553,"Bad Dudes","NES/Famicom",7,2543,2543,2543,30,0,"Beat 'em Up","Data East","Data East, Imagine Software","1990-07-01"
93,2101,"Yoshi's Cookie","NES/Famicom",7,2458,2458,2458,43,0,"Tile Matching","TOSE","Nintendo","1992-11-21"
94,2140,"Splatterhouse: Wanpaku Graffiti","NES/Famicom",7,2426,2426,2426,20,0,"2D Platforming, Action","Now Production","Namco","1989-07-01"
95,1760,"Jaws","NES/Famicom",7,2384,2384,2384,24,0,"Action","Westone Bit Entertainment","LJN Entertainment","1987-01-01"
96,1768,"Journey to Silius","NES/Famicom",7,2384,2384,2384,11,0,"Run & Gun","Tokai Engineering","Sunsoft","1990-08-10"
97,2060,"Vice: Project Doom","NES/Famicom",7,2375,2375,2375,23,0,"2D Platforming, Run & Gun","Aicom","Sammy","1991-04-26"
98,1580,"Bionic Commando","NES/Famicom",7,2253,2253,2253,39,0,"2D Platforming","Capcom","Capcom","1988-07-01"
99,1657,"Donkey Kong 3","NES/Famicom",7,2243,2243,2243,29,0,"","Nintendo","Nintendo","1984-07-04"
100,2073,"Where's Waldo?","NES/Famicom",7,2200,2200,2200,28,0,"Hidden Object","Bethesda Softworks","THQ","1991-09-01"
101,1481,"Lode Runner","NES/Famicom",7,2194,2194,2194,64,0,"","Brøderbund Software","Broderbund Software, Hudson Soft","1984-07-31"
102,1547,"Astyanax","NES/Famicom",7,2193,2193,2193,35,0,"Action, 2D Platforming","Aicom","Jaleco","1989-12-21"
103,1597,"The Bugs Bunny Crazy Castle","NES/Famicom",7,2138,2138,2138,39,0,"","Kotobuki System","Kemco","1989-08-01"
104,5790,"Astérix","NES/Famicom",7,2114,2114,2114,61,0,"2D Platforming","Bit Managers","Infogrames","1993-01-01"
105,1728,"Gun Nac","NES/Famicom",7,2114,2114,2114,23,0,"Shoot 'em Up","Compile","ASCII Entertainment","1990-01-01"
106,4559,"Batman: Return of the Joker","NES/Famicom",7,2105,2105,2105,21,0,"2D Platforming, Run & Gun","Sunsoft","Sunsoft","1991-12-20"
107,1843,"Monster In My Pocket","NES/Famicom",7,2094,2094,2094,25,0,"2D Platforming","Konami","Konami","1992-01-01"
108,1682,"Faxanadu","NES/Famicom",7,2091,2091,2091,75,0,"","Hudson Soft","Nintendo","1987-11-16"
109,16549,"Pac-Man: Championship Edition","NES/Famicom",7,2089,2089,2089,20,0,"Maze Chase","M2","Bandai Namco","2020-06-18"
110,1459,"Blaster Master","NES/Famicom",7,2066,2066,2066,25,0,"2D Platforming","Tokai Engineering","Sunsoft","1988-06-01"
111,1470,"Dragon Quest II","NES/Famicom",7,2064,2064,2064,69,0,"","Chunsoft","Enix","1987-01-26"
112,1871,"Panic Restaurant","NES/Famicom",7,2063,2063,2063,28,0,"2D Platforming","EIM","Taito","1992-10-01"
113,2014,"Tecmo Super Bowl","NES/Famicom",7,2056,2056,2056,130,0,"Sports - American Football","Tecmo","Koei | Tecmo","1991-12-13"
114,1552,"Back to the Future","NES/Famicom",7,2050,2050,2050,50,0,"Shoot 'em Up","Beam Software","LJN Entertainment","1989-09-01"
115,1632,"Contra Force","NES/Famicom",7,2045,2045,2045,32,0,"","Konami","Konami","1992-09-30"
116,1654,"Dig Dug II: Trouble In Paradise","NES/Famicom",7,2027,2027,2027,26,0,"Arcade","Namco","Bandai","1989-12-01"
117,8617,"~Test Kit~ NES Control Deck Test Cartridge","NES/Famicom",7,2005,2005,2005,10,0,"","Nintendo","Nintendo",""
118,1527,"Adventures in the Magic Kingdom","NES/Famicom",7,1992,1992,1992,23,0,"2D Platforming","Capcom","Capcom","1990-06-01"
119,2863,"Kid Dracula","NES/Famicom",7,1992,1992,1992,52,0,"2D Platforming","Konami","Konami","1990-10-19"
120,1476,"Gyruss","NES/Famicom",7,1963,1963,1963,49,0,"Shoot 'em Up","Konami","Konami","1988-01-01"
121,1723,"The Great Waldo Search","NES/Famicom",7,1920,1920,1920,12,0,"Hidden Object","Radiance Software","THQ","1992-12-01"
122,2139,"Gimmick!","NES/Famicom",7,1908,1908,1908,29,0,"2D Platforming","Sunsoft","Sunsoft","1992-01-01"
123,2058,"Urban Champion","NES/Famicom",7,1904,1904,1904,47,0,"2D Fighting","","Nintendo","1984-11-14"
124,2062,"Wacky Races","NES/Famicom",7,1900,1900,1900,24,0,"2D Platforming","Atlus","Atlus","1991-12-25"
125,8754,"~Unlicensed~ Microsoft Windows 98","NES/Famicom",7,1898,1898,1898,20,0,"Simulation","Bei Tongfang","Bei Tongfang","2002-01-01"
126,1719,"The Goonies II","NES/Famicom",7,1888,1888,1888,38,0,"2D Platforming, Metroidvania","Konami","Konami","1987-03-18"
127,1692,"The Flintstones: The Rescue of Dino and Hoppy","NES/Famicom",7,1877,1877,1877,23,0,"2D Platforming","Sol","Taito","1991-12-01"
128,1744,"Ice Hockey","NES/Famicom",7,1876,1876,1876,21,0,"","","Nintendo","1988-01-01"
129,1961,"Snow Bros.","NES/Famicom",7,1867,1867,1867,57,0,"2D Platforming","Sol","Capcom","1991-01-01"
130,1900,"Rad Racer","NES/Famicom",7,1858,1858,1858,20,0,"Racing","Square","Nintendo","1987-08-01"
131,1628,"Commando","NES/Famicom",7,1834,1834,1834,33,0,"","Capcom","Capcom","1986-11-01"
132,1883,"Power Blade","NES/Famicom",7,1812,1812,1812,28,0,"2D Platforming","Natsume","Taito","1991-03-01"
133,1520,"The Addams Family","NES/Famicom",7,1788,1788,1788,22,0,"2D Platforming","Ocean Software","Ocean Software","1991-01-01"
134,1776,"Kick Master","NES/Famicom",7,1752,1752,1752,26,0,"2D Platforming","KID","Taito","1992-01-01"
135,2006,"Taboo: The Sixth Sense","NES/Famicom",7,1728,1728,1728,26,0,"Other","Rare","Tradewest","1989-04-01"
136,1497,"RoboCop","NES/Famicom",7,1725,1725,1725,30,0,"Run & Gun","Ocean Software","Data East","1989-01-01"
137,1726,"The Guardian Legend","NES/Famicom",7,1721,1721,1721,100,0,"Action-Adventure, Shoot 'em Up","Compile","Broderbund Software","1988-02-05"
138,2017,"Tennis","NES/Famicom",7,1720,1720,1720,20,0,"Sports - Tennis","Nintendo","Nintendo","1984-01-14"
139,1492,"Pinball Quest","NES/Famicom",7,1705,1705,1705,28,0,"Pinball","TOSE","Jaleco","1989-12-15"
140,1774,"The Karate Kid","NES/Famicom",7,1697,1697,1697,31,0,"Beat 'em Up, 2D Platforming","Atlus","LJN Entertainment","1987-11-01"
141,2360,"Bucky O'Hare","NES/Famicom",7,1694,1694,1694,24,0,"2D Platforming","Konami","Konami","1992-01-01"
142,1569,"Batman Returns","NES/Famicom",7,1686,1686,1686,26,0,"Beat 'em Up","Konami","Konami","1993-01-01"
143,1958,"Snake Rattle N Roll","NES/Famicom",7,1686,1686,1686,42,0,"2.5D Platforming","Rare","Nintendo","1990-07-01"
144,4094,"Antarctic Adventure","NES/Famicom",7,1671,1671,1671,20,0,"Racing, Arcade","Konami","Konami","1985-04-22"
145,1626,"Code Name: Viper","NES/Famicom",7,1633,1633,1633,39,0,"2D Platforming","Arc System Works, Capcom","Capcom","1990-03-01"
146,1588,"Bonk's Adventure","NES/Famicom",7,1619,1619,1619,17,0,"2D Platforming","AI","","1994-01-01"
147,1505,"Trojan","NES/Famicom",7,1618,1618,1618,31,0,"Beat 'em Up","Capcom","Capcom","1986-12-24"
148,1725,"Gremlins 2: The New Batch","NES/Famicom",7,1607,1607,1607,17,0,"2D Platforming","Sunsoft","Sunsoft","1990-10-01"
149,2238,"Pin Bot","NES/Famicom",7,1602,1602,1602,40,0,"Pinball","Rare","Nintendo","1990-04-01"
150,4618,"The Flintstones: The Surprise at Dinosaur Peak!","NES/Famicom",7,1592,1592,1592,45,0,"2D Platforming","Taito","Taito","1994-02-24"
151,3814,"EarthBound Beginnings","NES/Famicom",7,1589,1589,1589,47,0,"Turn-Based RPG","APE | Creatures, Nintendo, Pax Softnica","Nintendo","1989-07-27"
152,2432,"Gradius II","NES/Famicom",7,1578,1578,1578,18,0,"Shoot 'em Up","Konami","Konami","1988-12-16"
153,2361,"~Unlicensed~ Action 52","NES/Famicom",7,1563,1563,1563,109,0,"Minigames","Active Enterprises","Active Enterprises","1991-01-01"
154,2090,"Wrecking Crew","NES/Famicom",7,1550,1550,1550,81,0,"","Intelligent Systems","Nintendo","1985-06-18"
155,5060,"Gargoyle's Quest II: The Demon Darkness","NES/Famicom",7,1544,1544,1544,23,0,"Action Adventure/Horror","Capcom","Capcom","1992-07-17"
156,1535,"Air Fortress","NES/Famicom",7,1543,1543,1543,37,0,"","HAL Laboratory","HAL Laboratory","1989-09-01"
157,1908,"Renegade","NES/Famicom",7,1537,1537,1537,42,0,"Beat 'em Up","Technōs Japan","Taito, Technōs Japan","1987-04-01"
158,4829,"Kyatto Ninden Teyandee","NES/Famicom",7,1536,1536,1536,66,0,"2D Platforming","Tecmo","Koei | Tecmo","1991-07-19"
159,1772,"Kabuki: Quantum Fighter","NES/Famicom",7,1528,1528,1528,30,0,"2D Platforming","Human Entertainment","HAL Laboratory","1991-01-01"
160,1969,"Spider-Man: Return of the Sinister Six","NES/Famicom",7,1518,1518,1518,15,0,"Action","Bits Studios","LJN Entertainment","1992-10-01"
161,4756,"Mappy","NES/Famicom",7,1517,1517,1517,35,0,"","Namco","Namco","1984-11-14"
162,1777,"Kickle Cubicle","NES/Famicom",7,1512,1512,1512,23,0,"","Irem","Irem","1990-09-01"
163,2142,"Crisis Force","NES/Famicom",7,1507,1507,1507,31,0,"Shoot 'em Up","Konami","Konami","1991-08-01"
164,1861,"Nintendo World Cup","NES/Famicom",7,1498,1498,1498,31,0,"","","Nintendo","1990-12-01"
165,4542,"~Unlicensed~ Bubble Bath Babes","NES/Famicom",7,1488,1488,1488,15,0,"","C&E","Panesian","1991-01-01"
166,1604,"Captain America and the Avengers","NES/Famicom",7,1487,1487,1487,53,0,"Beat 'em Up","Data East","Data East","1991-12-01"
167,4658,"Moon Crystal","NES/Famicom",7,1473,1473,1473,32,0,"Action","Hect","Hect","1992-08-28"
168,1517,"A Nightmare on Elm Street","NES/Famicom",7,1462,1462,1462,33,0,"2D Platforming","Rare","LJN Entertainment","1990-10-01"
169,1623,"Clu Clu Land","NES/Famicom",7,1462,1462,1462,30,0,"Action","","Nintendo","1984-11-22"
170,5083,"~Unlicensed~ Micro Machines","NES/Famicom",7,1459,1459,1459,26,0,"Arcade Racing","Codemasters","Camerica","1991-01-01"
171,1929,"Rush 'n Attack","NES/Famicom",7,1459,1459,1459,25,0,"Action","Konami","Konami","1987-01-01"
172,1971,"Spy Hunter","NES/Famicom",7,1448,1448,1448,13,0,"Vehicular Combat","Sunsoft","Sunsoft","1987-09-01"
173,2444,"Yie Ar Kung-Fu","NES/Famicom",7,1427,1427,1427,22,0,"2D Fighting","Konami","Konami","1985-04-22"
174,4767,"F-1 Race","NES/Famicom",7,1418,1418,1418,43,0,"Racing","HAL Laboratory","Nintendo","1984-11-02"
175,1769,"Joust","NES/Famicom",7,1409,1409,1409,10,0,"2D Platforming, Arcade","HAL Laboratory","HAL Laboratory","1987-10-30"
176,1957,"Smash T.V.","NES/Famicom",7,1409,1409,1409,25,0,"Twin Stick Shooter","William, Ported by Beam Software","Acclaim","1991-09-01"
177,1991,"Super Dodge Ball","NES/Famicom",7,1405,1405,1405,22,0,"Sports - Dodgeball","Technōs Japan","Sony Imagesoft","1989-06-01"
178,1732,"Heavy Barrel","NES/Famicom",7,1403,1403,1403,31,0,"Run and Gun Shooter","Sakata SAS","Data East","1990-03-01"
179,3614,"Galaxian","NES/Famicom",7,1388,1388,1388,21,0,"Shoot 'em Up","Namco","Namco","1984-09-07"
180,2099,"Yo! Noid","NES/Famicom",7,1388,1388,1388,19,0,"2D Platforming","Now Production","Capcom","1990-11-01"
181,4804,"TwinBee","NES/Famicom",7,1382,1382,1382,23,0,"Shoot 'em Up","Konami","Konami","1986-01-04"
182,1717,"Golf","NES/Famicom",7,1381,1381,1381,17,0,"Sports - Golf","HAL Laboratory","Nintendo","1984-05-01"
183,1737,"Home Alone","NES/Famicom",7,1380,1380,1380,11,0,"Action","Bethesda Softworks","THQ","1991-01-01"
184,1528,"The Adventures of Bayou Billy","NES/Famicom",7,1337,1337,1337,50,0,"Beat 'em Up","Konami","Konami","1989-06-01"
185,1482,"Maniac Mansion","NES/Famicom",7,1335,1335,1335,36,0,"Point-and-Click Adventure","Realtime Associates","LucasArts | Lucasfilm","1990-09-18"
186,1667,"Dragon Quest III","NES/Famicom",7,1331,1331,1331,50,0,"","Chunsoft","Enix","1988-02-10"
187,1977,"Star Force","NES/Famicom",7,1328,1328,1328,33,0,"Shoot 'em Up","Tecmo","Koei | Tecmo","1985-06-25"
188,1846,"Ms. Pac-Man (Namco)","NES/Famicom",7,1327,1327,1327,15,0,"","Now Production","Namco","1993-11-01"
189,2208,"Holy Diver","NES/Famicom",7,1320,1320,1320,29,0,"2D Platforming","Irem","Irem","1989-04-01"
190,1868,"P.O.W.: Prisoners of War","NES/Famicom",7,1303,1303,1303,25,0,"Beat 'em Up","SNK","SNK","1989-06-30"
191,5527,"Final Fantasy II","NES/Famicom",7,1291,1291,1291,64,0,"Turn-Based RPG","Square","Squaresoft","1988-12-17"
192,2075,"Whomp 'Em","NES/Famicom",7,1287,1287,1287,32,0,"2D Platforming","Jaleco","Jaleco","1990-12-07"
193,1596,"The Bugs Bunny Birthday Blowout","NES/Famicom",7,1285,1285,1285,80,0,"2D Platforming","Kemco","Kemco","1990-08-03"
194,1601,"Cabal","NES/Famicom",7,1279,1279,1279,55,0,"Gallery Shooter","Rare","Milton Bradley","1990-01-01"
195,1700,"G.I. Joe: A Real American Hero","NES/Famicom",7,1279,1279,1279,49,0,"2D Platforming","KID","Taxan","1991-01-01"
196,1720,"The Goonies","NES/Famicom",7,1279,1279,1279,50,0,"2D Platforming","Konami","Konami","1986-02-01"
197,5553,"Final Fantasy III","NES/Famicom",7,1273,1273,1273,90,0,"","Square","Squaresoft","1990-04-27"
198,1498,"Rygar","NES/Famicom",7,1266,1266,1266,22,0,"2D Platforming, Metroidvania","Tecmo","Koei | Tecmo","1987-04-17"
199,1591,"Bram Stoker's Dracula","NES/Famicom",7,1259,1259,1259,91,0,"2D Platforming","Probe Entertainment","Sony Imagesoft","1993-09-01"
200,2078,"Willow","NES/Famicom",7,1259,1259,1259,59,0,"Action RPG","Capcom","Capcom","1989-12-01"